60000001,Sebastian Z. May,3152647,0330-1025497,Ap #434-1966 Mollis Av.
60000002,Yardley B. Hodge,5132647,0347-2111890,570-4078 Vestibulum Road
60000003,Kato L. Cabrera,1532647,0341-8845408,"Ap #820-4415 Tortor, Street"
60000004,Galena P. Terry,3512647,0377-4973203,Ap #208-1215 Erat. Street
60000005,Igor Y. Conrad,5312647,0319-9941134,"684-4063 Vel, Rd."
60000006,Caleb W. Serrano,5213647,0349-0075155,Ap #398-5262 Sit Avenue
60000007,Colleen M. Alston,2513647,0346-1096013,"726-3255 Eget, Avenue"
60000008,Xander W. Bridges,1523647,0392-0563044,772-3986 Magna St.
60000009,Elmo E. Alvarado,5123647,0339-6799843,"P.O. Box 306, 5856 Fermentum St."
60000010,Jayme W. Joseph,2153647,0360-9558514,7960 Purus. Road
60000011,Irma F. Dickson,1253647,0378-0725194,"P.O. Box 187, 3307 Imperdiet Avenue"
60000012,Shelley I. Mcintyre,3251647,0312-9142910,"P.O. Box 234, 7325 Vulputate St."
60000013,Montana N. Matthews,2351647,0353-4467626,961-2861 Luctus Av.
60000014,Kirby W. Copeland,5321647,0333-4002874,"693-2163 Convallis, Road"
60000015,Vincent J. Deleon,3521647,0367-6744709,2572 Nulla. St.
60000016,Randall W. Lester,2531647,0323-9497937,215-5325 Mauris Ave
60000017,Ayanna N. Hays,5231647,0310-0314336,Ap #171-9072 Senectus St.
60000018,Gregory N. Albert,5241637,0343-0145327,861-3373 Magna Rd.
60000019,Amela Z. Espinoza,2541637,0322-1934200,Ap #149-2583 Ultricies Ave
60000020,Marcia B. York,4521637,0316-1772674,581-2045 Magnis Road
60000021,Axel J. Valentine,5421637,0354-8626249,Ap #923-1436 Odio Road
60000022,Cain O. Hoffman,2451637,0342-8270928,"P.O. Box 782, 7760 Eu Avenue"
60000023,Cheryl B. Rhodes,4251637,0375-0083066,Ap #696-403 Mauris St.
60000024,Sigourney R. Hinton,4215637,0364-0675607,4830 Turpis. Rd.
60000025,Perry T. Long,2415637,0303-6659042,669-1092 Ligula Rd.
60000026,Brent Z. Flores,1425637,0301-1924246,740-7685 Et Rd.
60000027,Mark F. Dillon,4125637,0308-7061702,"P.O. Box 141, 1449 Elit Ave"
60000028,Ginger G. Lamb,2145637,0324-7723846,Ap #348-1144 Ultrices Road
60000029,Clarke E. Buckner,1245637,0391-5505234,3776 Mi Ave
60000030,Juliet B. Rocha,1542637,0383-4665731,Ap #783-6751 Natoque Av.
60000031,Francesca A. Bean,5142637,0399-5130239,Ap #869-506 Risus Rd.
60000032,Clementine H. Larson,4152637,0356-3130301,"P.O. Box 688, 4570 Vitae Street"
60000033,Brenden J. Ayers,1452637,0308-6807577,3720 Lectus Rd.
60000034,Thomas Z. George,5412637,0397-5264325,1984 Aliquam Road
60000035,Lacey F. Love,4512637,0358-6481335,9870 Pede Av.
60000036,Guy B. Mcbride,2514637,0306-3476353,5627 Donec Ave
60000037,Tamara S. Mueller,5214637,0316-9835089,2744 Dolor. Rd.
60000038,Burton Y. Stokes,1254637,0345-5305904,384-8655 Dapibus Av.
60000039,Alma A. Jensen,2154637,0393-0525254,"P.O. Box 619, 3701 Purus Road"
60000040,Nelle G. Golden,5124637,0329-3520659,"P.O. Box 483, 5147 Facilisis Ave"
60000041,Armando P. Neal,1524637,0304-9994851,"P.O. Box 350, 3971 Vel Avenue"
60000042,Stephen H. Clayton,6524137,0385-8819021,372 Eu Rd.
60000043,Cheyenne J. Garner,5624137,0349-4870477,867-5626 Quisque Ave
60000044,Jaime D. Spencer,2654137,0369-0534916,"967-2578 Amet, Av."
60000045,Pandora F. Vance,6254137,0346-2088717,Ap #272-2714 Sed St.
60000046,Ezekiel S. Best,5264137,0369-3240788,"P.O. Box 209, 8323 Libero Rd."
60000047,Germaine Y. Brennan,2564137,0368-9516241,735-7298 Neque St.
60000048,Salvador D. Charles,2546137,0313-7588294,1276 Ligula. Road
60000049,Frances L. Buckner,5246137,0376-2372969,305-5503 Consectetuer Av.
60000050,Bruno O. Mcmillan,4256137,0398-6636568,309-7108 Pede St.
60000051,Kiona B. Chaney,2456137,0377-9545532,702-5682 Porttitor St.
60000052,Knox G. Maynard,5426137,0368-5672961,Ap #927-727 Tincidunt Rd.
60000053,Halee A. Mcmillan,4526137,0327-4806106,7459 Malesuada Road
60000054,Kevin I. Webster,4625137,0384-6309379,Ap #969-2605 Nunc Rd.
60000055,Ivan X. Carver,6425137,0374-8915175,Ap #685-2874 Fermentum St.
60000056,Mary A. May,2465137,0390-5992779,116-5693 Enim Road
60000057,Anika P. Lucas,4265137,0329-9565237,2133 Cras Rd.
60000058,Sierra X. Kaufman,6245137,0382-8645708,"Ap #613-8881 Tincidunt, Rd."
60000059,Hashim K. Ortiz,2645137,0304-1824063,653-7016 Pede Rd.
60000060,Graiden W. Maxwell,5642137,0349-2858818,"P.O. Box 385, 2180 Fermentum Road"
60000061,Shea E. Odom,6542137,0351-5481760,3180 Sed Road
60000062,Herrod I. Adkins,4562137,0379-5107275,"P.O. Box 795, 6559 Neque. Road"
60000063,Quinn B. Carlson,5462137,0364-5454153,848 Donec Rd.
60000064,Dante B. Snider,6452137,0367-4175583,Ap #125-4719 Dui St.
60000065,Oren F. Gillespie,4652137,0372-0213409,Ap #818-8876 Pretium Ave
60000066,Zia M. Allen,1652437,0374-8023025,"P.O. Box 864, 9027 Tortor Ave"
60000067,Keaton B. Boyer,6152437,0302-6367526,"Ap #538-5527 Sapien, Av."
60000068,Shana K. Watkins,5162437,0365-0587522,5484 Pede Rd.
60000069,Ivan W. Pearson,1562437,0331-0146860,3550 Ante Av.
60000070,Cairo F. Olsen,6512437,0375-9851285,"P.O. Box 213, 5215 Augue, Avenue"
60000071,Hasad R. Finley,5612437,0332-7142632,7151 Auctor Avenue
60000072,Kieran M. Morrison,5621437,0360-6537525,"P.O. Box 573, 7512 Vel Avenue"
60000073,Deanna L. Chen,6521437,0343-6339102,"P.O. Box 355, 7911 Purus. Rd."
60000074,Harlan L. Clements,2561437,0384-5267854,180-713 Metus Road
60000075,Branden H. Dejesus,5261437,0348-6280042,323-9864 Elit Road
60000076,Anjolie Y. Leblanc,6251437,0397-7389663,925-1231 Morbi St.
60000077,Benjamin P. Patrick,2651437,0352-5619423,Ap #349-9776 Lacus. Av.
60000078,Courtney W. Copeland,2156437,0383-9939140,"P.O. Box 926, 9275 Metus. Rd."
60000079,Flynn Q. Gilmore,1256437,0323-8296653,819-9945 Mi. Road
60000080,Macy K. Gilmore,5216437,0356-6264929,4503 At Avenue
60000081,Wing A. Lambert,2516437,0306-0320066,Ap #829-3909 Arcu Avenue
60000082,Jena G. Paul,1526437,0322-3205761,Ap #269-4772 Blandit St.
60000083,Casey R. Morton,5126437,0359-8190580,"P.O. Box 847, 3812 Pede. Rd."
60000084,Karly T. Harper,6125437,0355-1807078,Ap #671-3044 Enim Street
60000085,Isadora Z. Hyde,1625437,0353-1961664,Ap #477-8738 Vel Av.
60000086,Joshua K. Blevins,2615437,0326-8692850,"P.O. Box 889, 8700 Tristique Road"
60000087,Maggie B. Nolan,6215437,0326-0039593,"P.O. Box 331, 5490 Bibendum Avenue"
60000088,Dustin Y. Rojas,1265437,0301-3932808,"P.O. Box 640, 2330 Eget St."
60000089,Amir U. Decker,2165437,0333-8204477,972 Gravida St.
60000090,Hiram G. Holcomb,4165237,0325-7098740,"199-3601 At, Rd."
60000091,Tobias V. Patel,1465237,0357-7680622,6540 Tincidunt St.
60000092,Naomi O. Joseph,6415237,0302-0291154,429-1549 Maecenas Ave
60000093,Alvin T. Davis,4615237,0311-4689303,"P.O. Box 422, 4956 Vulputate, Rd."
60000094,Tashya Q. Manning,1645237,0316-7940468,Ap #156-8884 Sagittis Rd.
60000095,Dakota C. Cobb,6145237,0381-5994118,Ap #350-3459 Justo. Street
60000096,James C. Hood,6154237,0364-9698860,"3017 Purus, St."
60000097,Christopher O. Rhodes,1654237,0353-2676326,881-6505 Tortor. St.
60000098,Faith T. Velasquez,5614237,0325-0066991,636-8310 Magna. Av.
60000099,Silas X. Copeland,6514237,0361-5443061,"Ap #648-3568 Non, Ave"
60000100,Timothy D. Hudson,1564237,0333-4844083,5620 Vitae Road
